,channelTitle,channelId,video_id,publishedAt,viewCount,likeCount,dislikeCount,commentCount
0,Pekora Ch. 兎田ぺこら,UC1DCedRgGHBdm81E1llLhOQ,fEDucOwXYnc,2020-10-10T04:01:19Z,0,1204,24,58
1,Pekora Ch. 兎田ぺこら,UC1DCedRgGHBdm81E1llLhOQ,VrOXTbAWvhI,2020-10-09T19:12:30Z,405010,16735,241,136
2,Pekora Ch. 兎田ぺこら,UC1DCedRgGHBdm81E1llLhOQ,X264OuIgdYE,2020-10-09T11:31:34Z,101827,5370,83,185
3,Pekora Ch. 兎田ぺこら,UC1DCedRgGHBdm81E1llLhOQ,u_hTJiwMClI,2020-10-09T11:16:39Z,99814,5862,95,127
4,Pekora Ch. 兎田ぺこら,UC1DCedRgGHBdm81E1llLhOQ,-HVXlF0heOk,2020-10-08T11:13:35Z,165266,9099,106,103
5,Pekora Ch. 兎田ぺこら,UC1DCedRgGHBdm81E1llLhOQ,emWjfXcpYEU,2020-10-07T15:18:51Z,276084,13955,107,125
6,Pekora Ch. 兎田ぺこら,UC1DCedRgGHBdm81E1llLhOQ,FwuRqktgg4w,2020-10-06T13:28:43Z,213381,10779,90,94
7,Pekora Ch. 兎田ぺこら,UC1DCedRgGHBdm81E1llLhOQ,8jhHjg76rlg,2020-10-05T17:24:31Z,366152,17546,175,115
8,Pekora Ch. 兎田ぺこら,UC1DCedRgGHBdm81E1llLhOQ,3Df4RVddFmU,2020-10-04T17:06:52Z,322956,13201,199,123
9,Pekora Ch. 兎田ぺこら,UC1DCedRgGHBdm81E1llLhOQ,_xoXr0Wt7C0,2020-10-03T18:22:49Z,290369,14349,143,102
10,Pekora Ch. 兎田ぺこら,UC1DCedRgGHBdm81E1llLhOQ,H8FWadpDpmk,2020-10-03T13:59:30Z,267867,11595,125,77
11,Pekora Ch. 兎田ぺこら,UC1DCedRgGHBdm81E1llLhOQ,ZoV7danNWJk,2020-10-02T16:27:25Z,369228,12808,183,87
12,Pekora Ch. 兎田ぺこら,UC1DCedRgGHBdm81E1llLhOQ,fxey0JKIU94,2020-10-01T21:13:05Z,383464,15044,173,153
13,Pekora Ch. 兎田ぺこら,UC1DCedRgGHBdm81E1llLhOQ,PQd1FHaq-Jo,2020-10-01T12:58:19Z,176168,8081,166,58
14,Pekora Ch. 兎田ぺこら,UC1DCedRgGHBdm81E1llLhOQ,4R-uxBxy13o,2020-10-01T00:17:33Z,482580,19648,325,345
15,Pekora Ch. 兎田ぺこら,UC1DCedRgGHBdm81E1llLhOQ,qHYXI6yocSM,2020-09-30T13:26:44Z,401765,13631,486,93
16,Pekora Ch. 兎田ぺこら,UC1DCedRgGHBdm81E1llLhOQ,rYpprHJOTBw,2020-09-29T16:29:47Z,245034,12274,169,72
17,Pekora Ch. 兎田ぺこら,UC1DCedRgGHBdm81E1llLhOQ,ZnqxmSOEkP4,2020-09-28T16:30:28Z,249969,14986,107,125
18,Pekora Ch. 兎田ぺこら,UC1DCedRgGHBdm81E1llLhOQ,Gkuo7RtYMoc,2020-09-28T13:44:04Z,232053,10845,153,72
19,Pekora Ch. 兎田ぺこら,UC1DCedRgGHBdm81E1llLhOQ,zykt42JOALU,2020-09-27T10:38:33Z,258996,11506,113,81
20,Pekora Ch. 兎田ぺこら,UC1DCedRgGHBdm81E1llLhOQ,m-xBsmr84H8,2020-09-26T20:32:41Z,500638,19457,215,168
21,Pekora Ch. 兎田ぺこら,UC1DCedRgGHBdm81E1llLhOQ,FkkX_YDeN2g,2020-09-26T13:52:34Z,281825,15787,171,184
22,Pekora Ch. 兎田ぺこら,UC1DCedRgGHBdm81E1llLhOQ,MkTmS1X8wBU,2020-09-25T13:50:19Z,175269,8289,77,61
23,Pekora Ch. 兎田ぺこら,UC1DCedRgGHBdm81E1llLhOQ,_SuxUvyo_js,2020-09-24T14:10:44Z,330724,14371,96,107
24,Pekora Ch. 兎田ぺこら,UC1DCedRgGHBdm81E1llLhOQ,WRZ4lEKK5SQ,2020-09-23T19:51:57Z,397540,15807,160,115
25,Pekora Ch. 兎田ぺこら,UC1DCedRgGHBdm81E1llLhOQ,dzMJRYft4AE,2020-09-23T12:09:36Z,246364,11372,158,62
26,Pekora Ch. 兎田ぺこら,UC1DCedRgGHBdm81E1llLhOQ,Bt6PkAEAj5g,2020-09-22T14:38:51Z,273533,11510,106,74
27,Pekora Ch. 兎田ぺこら,UC1DCedRgGHBdm81E1llLhOQ,aD_niqW7BPM,2020-09-21T14:47:29Z,355797,13238,179,182
28,Pekora Ch. 兎田ぺこら,UC1DCedRgGHBdm81E1llLhOQ,Hqbt4iMf3o4,2020-09-21T12:32:28Z,168097,7576,176,111
29,Pekora Ch. 兎田ぺこら,UC1DCedRgGHBdm81E1llLhOQ,ObPK-R6208M,2020-09-20T20:40:19Z,397994,17091,230,159
30,Pekora Ch. 兎田ぺこら,UC1DCedRgGHBdm81E1llLhOQ,1wWA5eNa5pk,2020-09-20T14:01:55Z,216122,7985,161,92
31,Pekora Ch. 兎田ぺこら,UC1DCedRgGHBdm81E1llLhOQ,sgA_UoNHyz4,2020-09-20T08:03:23Z,160092,7623,92,30
32,Pekora Ch. 兎田ぺこら,UC1DCedRgGHBdm81E1llLhOQ,OemgFuxztY4,2020-09-19T10:40:00Z,192018,8266,102,56
33,Pekora Ch. 兎田ぺこら,UC1DCedRgGHBdm81E1llLhOQ,HMxDmpiGLOU,2020-09-18T12:00:45Z,297712,13115,126,167
34,Pekora Ch. 兎田ぺこら,UC1DCedRgGHBdm81E1llLhOQ,yF2va6QbnOs,2020-09-17T16:58:14Z,404890,16470,172,157
35,Pekora Ch. 兎田ぺこら,UC1DCedRgGHBdm81E1llLhOQ,EDF6-gwYHX8,2020-09-16T13:59:11Z,198118,10147,96,80
36,Pekora Ch. 兎田ぺこら,UC1DCedRgGHBdm81E1llLhOQ,_K2ZjMPz5HA,2020-09-15T17:21:35Z,411803,14517,193,128
37,Pekora Ch. 兎田ぺこら,UC1DCedRgGHBdm81E1llLhOQ,tBbzoisC3b4,2020-09-14T14:30:00Z,242613,11546,109,113
38,Pekora Ch. 兎田ぺこら,UC1DCedRgGHBdm81E1llLhOQ,xb71hR9WZiA,2020-09-14T11:33:36Z,153426,6409,103,251
39,Pekora Ch. 兎田ぺこら,UC1DCedRgGHBdm81E1llLhOQ,BqRZeyztrac,2020-09-14T11:20:39Z,157111,7333,117,183
40,Pekora Ch. 兎田ぺこら,UC1DCedRgGHBdm81E1llLhOQ,W1JLbsNVmM4,2020-09-13T17:53:26Z,284875,10876,123,58
41,Pekora Ch. 兎田ぺこら,UC1DCedRgGHBdm81E1llLhOQ,oBw6Pa16KcA,2020-09-13T07:59:17Z,147205,6722,93,52
42,Pekora Ch. 兎田ぺこら,UC1DCedRgGHBdm81E1llLhOQ,ISh0E-EI_vI,2020-09-12T11:30:12Z,197212,7674,127,58
43,Pekora Ch. 兎田ぺこら,UC1DCedRgGHBdm81E1llLhOQ,6LAKyyKu5Fo,2020-09-11T18:54:04Z,318227,16381,133,131
44,Pekora Ch. 兎田ぺこら,UC1DCedRgGHBdm81E1llLhOQ,3TJ4ogvRAAs,2020-09-11T13:36:07Z,315779,14383,187,279
45,Pekora Ch. 兎田ぺこら,UC1DCedRgGHBdm81E1llLhOQ,JQqihliCxCM,2020-09-10T16:39:50Z,183359,7653,131,54
46,Pekora Ch. 兎田ぺこら,UC1DCedRgGHBdm81E1llLhOQ,ko858xS0710,2020-09-09T19:03:18Z,358349,11422,232,112
47,Pekora Ch. 兎田ぺこら,UC1DCedRgGHBdm81E1llLhOQ,s1hqT-pNXls,2020-09-08T15:06:21Z,289720,12242,135,105
48,Pekora Ch. 兎田ぺこら,UC1DCedRgGHBdm81E1llLhOQ,BvA3pCbT3_s,2020-09-07T15:09:50Z,217136,8880,160,83
49,Pekora Ch. 兎田ぺこら,UC1DCedRgGHBdm81E1llLhOQ,2NPWKNNhPkI,2020-09-06T07:36:13Z,343603,13076,276,187
50,Pekora Ch. 兎田ぺこら,UC1DCedRgGHBdm81E1llLhOQ,neG5ObxzD3U,2020-09-04T17:34:02Z,401432,12625,375,112
51,Pekora Ch. 兎田ぺこら,UC1DCedRgGHBdm81E1llLhOQ,hIiqe_ZGTeY,2020-09-03T15:32:20Z,225317,9868,122,61
52,Pekora Ch. 兎田ぺこら,UC1DCedRgGHBdm81E1llLhOQ,bRrvb2qOe30,2020-09-01T15:50:35Z,395570,13971,176,145
53,Pekora Ch. 兎田ぺこら,UC1DCedRgGHBdm81E1llLhOQ,ZJrgby6Tewo,2020-08-31T13:29:47Z,466597,18033,1032,285
54,Pekora Ch. 兎田ぺこら,UC1DCedRgGHBdm81E1llLhOQ,jxy2KZ-GP_o,2020-08-30T17:20:32Z,481971,16437,270,255
55,Pekora Ch. 兎田ぺこら,UC1DCedRgGHBdm81E1llLhOQ,uWKZe2ION5s,2020-08-29T08:27:31Z,284593,10239,385,155
56,Pekora Ch. 兎田ぺこら,UC1DCedRgGHBdm81E1llLhOQ,6NJcQh6R2XA,2020-08-27T17:01:03Z,447801,21150,193,484
57,Pekora Ch. 兎田ぺこら,UC1DCedRgGHBdm81E1llLhOQ,j6byBuZyq00,2020-08-27T11:58:55Z,181701,7582,160,121
58,Pekora Ch. 兎田ぺこら,UC1DCedRgGHBdm81E1llLhOQ,8WDBR0lz-_Q,2020-08-26T17:48:37Z,299351,10236,370,99
59,Pekora Ch. 兎田ぺこら,UC1DCedRgGHBdm81E1llLhOQ,Hlrlh_pH91E,2020-08-25T16:11:50Z,292045,9442,309,199
60,Pekora Ch. 兎田ぺこら,UC1DCedRgGHBdm81E1llLhOQ,DrjLU0xulqY,2020-08-24T14:24:51Z,344998,12969,251,141
61,Pekora Ch. 兎田ぺこら,UC1DCedRgGHBdm81E1llLhOQ,Saos0eycZEg,2020-08-23T18:11:34Z,355777,13118,188,110
62,Pekora Ch. 兎田ぺこら,UC1DCedRgGHBdm81E1llLhOQ,IV4P7DQ2hhw,2020-08-21T14:31:36Z,278182,11357,198,202
63,Pekora Ch. 兎田ぺこら,UC1DCedRgGHBdm81E1llLhOQ,a4JNZf40bwA,2020-08-21T12:26:38Z,272692,15029,330,125
64,Pekora Ch. 兎田ぺこら,UC1DCedRgGHBdm81E1llLhOQ,bc8c0B4I6e0,2020-08-20T13:37:51Z,190510,8079,116,98
65,Pekora Ch. 兎田ぺこら,UC1DCedRgGHBdm81E1llLhOQ,V1t8Gm0gDtk,2020-08-19T15:07:29Z,440257,13811,272,146
66,Pekora Ch. 兎田ぺこら,UC1DCedRgGHBdm81E1llLhOQ,Esl7kGD5FdE,2020-08-19T10:50:15Z,258039,9618,127,48
67,Pekora Ch. 兎田ぺこら,UC1DCedRgGHBdm81E1llLhOQ,gz-P6_sGknE,2020-08-17T13:04:06Z,418733,13856,234,219
68,Pekora Ch. 兎田ぺこら,UC1DCedRgGHBdm81E1llLhOQ,RFEPpGFVPoU,2020-08-16T10:01:53Z,253140,9938,248,115
69,Pekora Ch. 兎田ぺこら,UC1DCedRgGHBdm81E1llLhOQ,pC4qXj0ImlQ,2020-08-15T06:39:57Z,527411,17729,392,238
70,Pekora Ch. 兎田ぺこら,UC1DCedRgGHBdm81E1llLhOQ,AhYzXw1cjTc,2020-08-14T18:42:10Z,315783,13949,146,92
71,Pekora Ch. 兎田ぺこら,UC1DCedRgGHBdm81E1llLhOQ,NHJ6k_AePVw,2020-08-13T12:06:12Z,348360,14782,285,379
72,Pekora Ch. 兎田ぺこら,UC1DCedRgGHBdm81E1llLhOQ,Okjh8Qc_mOA,2020-08-12T17:23:13Z,361462,11075,242,81
73,Pekora Ch. 兎田ぺこら,UC1DCedRgGHBdm81E1llLhOQ,0AONuoalz84,2020-08-12T10:01:15Z,333502,12081,220,170
74,Pekora Ch. 兎田ぺこら,UC1DCedRgGHBdm81E1llLhOQ,kWWuRPUM3hw,2020-08-11T15:09:52Z,271348,13176,152,151
75,Pekora Ch. 兎田ぺこら,UC1DCedRgGHBdm81E1llLhOQ,FSM0huM7VXI,2020-08-10T09:06:22Z,268956,10484,235,159
76,Pekora Ch. 兎田ぺこら,UC1DCedRgGHBdm81E1llLhOQ,oRMDzoKOhmA,2020-08-09T09:11:14Z,254098,8438,158,66
77,Pekora Ch. 兎田ぺこら,UC1DCedRgGHBdm81E1llLhOQ,WBvfPxNm7lM,2020-08-08T12:04:55Z,309241,9740,152,78
78,Pekora Ch. 兎田ぺこら,UC1DCedRgGHBdm81E1llLhOQ,34TRUvNrkas,2020-08-07T13:36:34Z,436432,15634,141,208
79,Pekora Ch. 兎田ぺこら,UC1DCedRgGHBdm81E1llLhOQ,9Yhs4g91d-c,2020-08-07T08:56:23Z,245157,9643,183,80
80,Pekora Ch. 兎田ぺこら,UC1DCedRgGHBdm81E1llLhOQ,sEnvGnAzlTI,2020-08-05T14:11:31Z,642373,18203,348,273
81,Pekora Ch. 兎田ぺこら,UC1DCedRgGHBdm81E1llLhOQ,Tz7UkXzMcIs,2020-08-04T14:21:25Z,345226,11158,257,186
82,Pekora Ch. 兎田ぺこら,UC1DCedRgGHBdm81E1llLhOQ,0M6C-VwYaOw,2020-08-03T14:33:58Z,262741,9935,274,108
83,Pekora Ch. 兎田ぺこら,UC1DCedRgGHBdm81E1llLhOQ,Rovj-JkiRmM,2020-08-02T11:04:21Z,341027,9963,215,99
84,Pekora Ch. 兎田ぺこら,UC1DCedRgGHBdm81E1llLhOQ,8uAbL8aptsw,2020-08-01T11:41:41Z,364382,11441,227,95
85,Pekora Ch. 兎田ぺこら,UC1DCedRgGHBdm81E1llLhOQ,7sTNt4XrHAA,2020-07-31T18:06:08Z,256798,7737,289,75
86,Pekora Ch. 兎田ぺこら,UC1DCedRgGHBdm81E1llLhOQ,EJ2Z6Uhuml8,2020-07-31T11:42:09Z,172378,8124,169,113
87,Pekora Ch. 兎田ぺこら,UC1DCedRgGHBdm81E1llLhOQ,5UBPIqbxTGc,2020-07-29T12:05:39Z,200732,9083,115,137
88,Pekora Ch. 兎田ぺこら,UC1DCedRgGHBdm81E1llLhOQ,wX9_adc6gEs,2020-07-27T15:29:52Z,347927,9702,360,143
89,Pekora Ch. 兎田ぺこら,UC1DCedRgGHBdm81E1llLhOQ,k8DrMYzIiFc,2020-07-26T10:33:51Z,410739,12051,225,105
90,Pekora Ch. 兎田ぺこら,UC1DCedRgGHBdm81E1llLhOQ,MFRRY0q_N9s,2020-07-25T16:48:00Z,321647,10247,169,113
91,Pekora Ch. 兎田ぺこら,UC1DCedRgGHBdm81E1llLhOQ,tgPNzFJVCCM,2020-07-24T16:15:18Z,768048,17643,337,180
92,Pekora Ch. 兎田ぺこら,UC1DCedRgGHBdm81E1llLhOQ,8UzA9nJZuuI,2020-07-23T15:25:43Z,227995,7700,155,92
93,Pekora Ch. 兎田ぺこら,UC1DCedRgGHBdm81E1llLhOQ,_cI9GbH7qXI,2020-07-23T09:24:40Z,403508,12969,299,189
94,Pekora Ch. 兎田ぺこら,UC1DCedRgGHBdm81E1llLhOQ,6d4EavisUuk,2020-07-22T15:03:58Z,166497,9218,137,126
95,Pekora Ch. 兎田ぺこら,UC1DCedRgGHBdm81E1llLhOQ,OS_PkL4IJbA,2020-07-21T15:11:08Z,299429,9684,224,144
96,Pekora Ch. 兎田ぺこら,UC1DCedRgGHBdm81E1llLhOQ,A_7fBU07Vpo,2020-07-20T17:06:30Z,288150,8556,215,115
97,Pekora Ch. 兎田ぺこら,UC1DCedRgGHBdm81E1llLhOQ,TKgexyLXDQI,2020-07-19T14:08:51Z,201142,8104,132,64
98,Pekora Ch. 兎田ぺこら,UC1DCedRgGHBdm81E1llLhOQ,Le_L-mmH9bo,2020-07-17T20:46:55Z,416113,20040,308,223
99,Pekora Ch. 兎田ぺこら,UC1DCedRgGHBdm81E1llLhOQ,iciyd9IfrHA,2020-07-16T15:07:54Z,199397,10167,145,176
100,Pekora Ch. 兎田ぺこら,UC1DCedRgGHBdm81E1llLhOQ,h3hv_op_8UE,2020-07-16T13:43:21Z,178703,7130,111,41
101,Pekora Ch. 兎田ぺこら,UC1DCedRgGHBdm81E1llLhOQ,EMrSyg-2OwY,2020-07-13T13:37:21Z,254496,9270,130,129
102,Pekora Ch. 兎田ぺこら,UC1DCedRgGHBdm81E1llLhOQ,JrF-d65WeNA,2020-07-12T17:52:19Z,270747,9721,216,87
103,Pekora Ch. 兎田ぺこら,UC1DCedRgGHBdm81E1llLhOQ,CrjdZci6OHY,2020-07-12T13:46:53Z,190988,6815,142,61
104,Pekora Ch. 兎田ぺこら,UC1DCedRgGHBdm81E1llLhOQ,1saY48kfi9U,2020-07-11T14:06:02Z,217503,8572,109,105
105,Pekora Ch. 兎田ぺこら,UC1DCedRgGHBdm81E1llLhOQ,SFu1YOMA5uo,2020-07-10T19:47:56Z,367785,9550,198,175
106,Pekora Ch. 兎田ぺこら,UC1DCedRgGHBdm81E1llLhOQ,HHm61WP5cNM,2020-07-08T23:07:07Z,253039,9701,117,158
107,Pekora Ch. 兎田ぺこら,UC1DCedRgGHBdm81E1llLhOQ,fAB9Az0dBEM,2020-07-07T13:33:58Z,277376,8712,173,85
108,Pekora Ch. 兎田ぺこら,UC1DCedRgGHBdm81E1llLhOQ,MmZ73QgoFVw,2020-07-05T13:17:10Z,371514,11391,229,160
109,Pekora Ch. 兎田ぺこら,UC1DCedRgGHBdm81E1llLhOQ,yy8asHUr9vQ,2020-07-03T18:07:40Z,339420,8384,295,177
110,Pekora Ch. 兎田ぺこら,UC1DCedRgGHBdm81E1llLhOQ,O1DXRWjuJNU,2020-07-01T15:00:45Z,210743,7061,146,127
111,Pekora Ch. 兎田ぺこら,UC1DCedRgGHBdm81E1llLhOQ,S2Rn39M0FIY,2020-06-30T16:29:46Z,301548,12067,121,155
112,Pekora Ch. 兎田ぺこら,UC1DCedRgGHBdm81E1llLhOQ,WRLK9w5s6k4,2020-06-29T16:14:28Z,431911,9454,232,144
113,Pekora Ch. 兎田ぺこら,UC1DCedRgGHBdm81E1llLhOQ,-sHyDIOBHuA,2020-06-28T02:45:12Z,239330,8509,121,225
114,Pekora Ch. 兎田ぺこら,UC1DCedRgGHBdm81E1llLhOQ,nvTQ4TEPnsk,2020-06-28T01:53:55Z,610259,14227,350,188
115,Pekora Ch. 兎田ぺこら,UC1DCedRgGHBdm81E1llLhOQ,Fb3S8kDNr3E,2020-06-26T18:45:13Z,204181,6195,180,53
116,Pekora Ch. 兎田ぺこら,UC1DCedRgGHBdm81E1llLhOQ,7MC1bV1BCEU,2020-06-23T15:14:55Z,286893,11050,364,215
117,Pekora Ch. 兎田ぺこら,UC1DCedRgGHBdm81E1llLhOQ,7k-r7P9TXdQ,2020-06-22T13:13:00Z,687063,29633,513,804
118,Pekora Ch. 兎田ぺこら,UC1DCedRgGHBdm81E1llLhOQ,JbxZFhc2cMM,2020-06-21T10:52:12Z,207626,5493,217,41
119,Pekora Ch. 兎田ぺこら,UC1DCedRgGHBdm81E1llLhOQ,fpNB9A9x6zM,2020-06-20T08:51:26Z,242940,6548,278,73
120,Pekora Ch. 兎田ぺこら,UC1DCedRgGHBdm81E1llLhOQ,Ew6Fqv5-7yE,2020-06-19T13:31:44Z,212218,6792,157,68
121,Pekora Ch. 兎田ぺこら,UC1DCedRgGHBdm81E1llLhOQ,4QQsKMFFnRg,2020-06-17T16:34:20Z,345242,9804,166,111
122,Pekora Ch. 兎田ぺこら,UC1DCedRgGHBdm81E1llLhOQ,l1MbW6MRmZc,2020-06-15T18:42:50Z,356038,9619,232,133
123,Pekora Ch. 兎田ぺこら,UC1DCedRgGHBdm81E1llLhOQ,QhUnGJ-BOno,2020-06-14T22:55:54Z,537962,12315,305,225
124,Pekora Ch. 兎田ぺこら,UC1DCedRgGHBdm81E1llLhOQ,8DhlWz4Ag94,2020-06-13T07:05:14Z,121793,6785,175,269
125,Pekora Ch. 兎田ぺこら,UC1DCedRgGHBdm81E1llLhOQ,nqgJriE5ZJQ,2020-06-12T15:15:11Z,185397,7266,108,88
126,Pekora Ch. 兎田ぺこら,UC1DCedRgGHBdm81E1llLhOQ,fdJcKggTbj4,2020-06-10T13:24:47Z,237656,7416,221,157
127,Pekora Ch. 兎田ぺこら,UC1DCedRgGHBdm81E1llLhOQ,MQEwbg-YZnY,2020-06-09T14:30:53Z,157162,5328,221,95
128,Pekora Ch. 兎田ぺこら,UC1DCedRgGHBdm81E1llLhOQ,PVo4b-0X9ss,2020-06-07T11:06:03Z,336856,7972,389,141
129,Pekora Ch. 兎田ぺこら,UC1DCedRgGHBdm81E1llLhOQ,XiqcpO_EXKM,2020-06-06T09:47:42Z,497401,12239,740,356
130,Pekora Ch. 兎田ぺこら,UC1DCedRgGHBdm81E1llLhOQ,41KGdT-K5Q0,2020-06-01T13:36:45Z,182404,5425,256,119
131,Pekora Ch. 兎田ぺこら,UC1DCedRgGHBdm81E1llLhOQ,AAr2lHZLNyU,2020-04-04T11:00:11Z,4549810,118810,701,4340
132,Pekora Ch. 兎田ぺこら,UC1DCedRgGHBdm81E1llLhOQ,0tA5Q4YpFmc,2019-12-05T13:50:17Z,109527,2722,171,77
133,Pekora Ch. 兎田ぺこら,UC1DCedRgGHBdm81E1llLhOQ,Xjrk5dBRB4Q,2019-12-03T10:24:56Z,37947,1780,73,10
134,Pekora Ch. 兎田ぺこら,UC1DCedRgGHBdm81E1llLhOQ,bDz3MRFw4ak,2019-11-30T04:54:58Z,50495,1647,27,16
135,Pekora Ch. 兎田ぺこら,UC1DCedRgGHBdm81E1llLhOQ,5zVObxzfA-s,2019-11-27T12:37:48Z,84195,3599,30,53
136,Pekora Ch. 兎田ぺこら,UC1DCedRgGHBdm81E1llLhOQ,2Eo4yUzX5gI,2019-11-23T04:38:50Z,50019,1820,73,18
137,Pekora Ch. 兎田ぺこら,UC1DCedRgGHBdm81E1llLhOQ,99CLzACcx2c,2019-11-22T17:51:56Z,34735,1241,18,16
138,Pekora Ch. 兎田ぺこら,UC1DCedRgGHBdm81E1llLhOQ,1toarGxw7-8,2019-11-21T14:01:21Z,56227,1827,25,19
139,Pekora Ch. 兎田ぺこら,UC1DCedRgGHBdm81E1llLhOQ,LY825h09KaU,2019-11-20T09:21:04Z,39726,1517,22,17
140,Pekora Ch. 兎田ぺこら,UC1DCedRgGHBdm81E1llLhOQ,Uverprv_s1c,2019-11-14T13:35:46Z,37000,1497,12,25
141,Pekora Ch. 兎田ぺこら,UC1DCedRgGHBdm81E1llLhOQ,NhufstSBjAY,2019-11-13T16:56:42Z,30814,1267,16,17
142,Pekora Ch. 兎田ぺこら,UC1DCedRgGHBdm81E1llLhOQ,Cf9hbURurOg,2019-11-13T11:40:06Z,74748,2793,27,57
143,Pekora Ch. 兎田ぺこら,UC1DCedRgGHBdm81E1llLhOQ,O3Vy4CYrSk4,2019-11-11T13:45:15Z,36614,1472,22,14
144,Pekora Ch. 兎田ぺこら,UC1DCedRgGHBdm81E1llLhOQ,GlzxK48ENZk,2019-11-10T04:48:00Z,49229,1386,16,7
145,Pekora Ch. 兎田ぺこら,UC1DCedRgGHBdm81E1llLhOQ,IDa5PcwxrdA,2019-11-09T03:43:41Z,38033,1554,11,16
146,Pekora Ch. 兎田ぺこら,UC1DCedRgGHBdm81E1llLhOQ,M0OATRm6NAQ,2019-11-07T15:47:38Z,40520,1666,33,24
147,Pekora Ch. 兎田ぺこら,UC1DCedRgGHBdm81E1llLhOQ,5vcx-34zMbk,2019-11-07T11:45:30Z,63558,2492,35,34
148,Pekora Ch. 兎田ぺこら,UC1DCedRgGHBdm81E1llLhOQ,gDeTiUAEmvk,2019-11-06T11:59:33Z,25892,1275,15,28
149,Pekora Ch. 兎田ぺこら,UC1DCedRgGHBdm81E1llLhOQ,48bbxnkUnjA,2019-11-06T08:43:59Z,45219,1588,63,30
150,Pekora Ch. 兎田ぺこら,UC1DCedRgGHBdm81E1llLhOQ,iH3G-oZAqlo,2019-11-03T13:49:25Z,69329,1717,22,45
151,Pekora Ch. 兎田ぺこら,UC1DCedRgGHBdm81E1llLhOQ,qIHcCEsleCs,2019-11-01T12:45:05Z,53303,1608,30,18
152,Pekora Ch. 兎田ぺこら,UC1DCedRgGHBdm81E1llLhOQ,uDpD-6Nv-Fg,2019-10-31T08:19:24Z,30717,1061,24,15
153,Pekora Ch. 兎田ぺこら,UC1DCedRgGHBdm81E1llLhOQ,bh0jB6DrKAA,2019-10-29T10:14:38Z,54280,1257,42,14
154,Pekora Ch. 兎田ぺこら,UC1DCedRgGHBdm81E1llLhOQ,_qwmyF1kPzI,2019-10-28T14:05:37Z,58231,1501,43,23
155,Pekora Ch. 兎田ぺこら,UC1DCedRgGHBdm81E1llLhOQ,t5iZIUdtRiY,2019-10-27T12:53:03Z,65286,1882,27,13
156,Pekora Ch. 兎田ぺこら,UC1DCedRgGHBdm81E1llLhOQ,Sn3CU6-9g5w,2019-10-26T07:00:23Z,88689,2459,67,20
157,Pekora Ch. 兎田ぺこら,UC1DCedRgGHBdm81E1llLhOQ,8kYlUJNakek,2019-10-25T13:40:30Z,35009,1406,20,22
158,Pekora Ch. 兎田ぺこら,UC1DCedRgGHBdm81E1llLhOQ,nLqBX6d7-Tc,2019-10-24T10:45:20Z,44958,1419,37,15
159,Pekora Ch. 兎田ぺこら,UC1DCedRgGHBdm81E1llLhOQ,Kg_OHIoV-Uw,2019-10-22T22:55:42Z,62605,2052,40,51
160,Pekora Ch. 兎田ぺこら,UC1DCedRgGHBdm81E1llLhOQ,OIAlbkuGBpY,2019-10-22T13:48:01Z,130369,2564,72,20
161,Pekora Ch. 兎田ぺこら,UC1DCedRgGHBdm81E1llLhOQ,kWRxgjYIh34,2019-10-22T04:00:33Z,23193,831,11,6
162,Pekora Ch. 兎田ぺこら,UC1DCedRgGHBdm81E1llLhOQ,dSVJwj5Or_M,2019-10-20T08:56:07Z,70314,1448,37,20
163,Pekora Ch. 兎田ぺこら,UC1DCedRgGHBdm81E1llLhOQ,Sn_4CF3ZpzY,2019-10-19T20:22:47Z,101755,1772,54,28
164,Pekora Ch. 兎田ぺこら,UC1DCedRgGHBdm81E1llLhOQ,vC_TTj15bKY,2019-10-19T10:40:37Z,44649,1203,30,9
165,Pekora Ch. 兎田ぺこら,UC1DCedRgGHBdm81E1llLhOQ,xR0uHB9Iccs,2019-10-17T13:38:40Z,32682,1232,28,20
166,Pekora Ch. 兎田ぺこら,UC1DCedRgGHBdm81E1llLhOQ,F0639FOl8ic,2019-10-16T12:43:50Z,28254,1079,22,23
167,Pekora Ch. 兎田ぺこら,UC1DCedRgGHBdm81E1llLhOQ,gHqDhk1LXUQ,2019-10-16T08:43:48Z,48507,1343,31,14
168,Pekora Ch. 兎田ぺこら,UC1DCedRgGHBdm81E1llLhOQ,QPDXTHmfIoU,2019-10-12T09:40:20Z,62907,2127,34,21
169,Pekora Ch. 兎田ぺこら,UC1DCedRgGHBdm81E1llLhOQ,nfWnah_qVNI,2019-10-11T14:48:02Z,38560,1147,20,14
170,Pekora Ch. 兎田ぺこら,UC1DCedRgGHBdm81E1llLhOQ,scaIQTxlYq0,2019-10-10T15:39:40Z,56989,2203,17,39
171,Pekora Ch. 兎田ぺこら,UC1DCedRgGHBdm81E1llLhOQ,tDTKdJ_0LlQ,2019-10-10T10:53:15Z,21838,943,22,14
172,Pekora Ch. 兎田ぺこら,UC1DCedRgGHBdm81E1llLhOQ,SvJVV942A2M,2019-10-09T14:58:03Z,50380,1911,93,31
173,Pekora Ch. 兎田ぺこら,UC1DCedRgGHBdm81E1llLhOQ,aklro2fKnvg,2019-10-08T14:36:39Z,42380,1499,75,30
174,Pekora Ch. 兎田ぺこら,UC1DCedRgGHBdm81E1llLhOQ,WVx-2t3wIYk,2019-10-05T09:39:33Z,38859,1357,66,12
175,Pekora Ch. 兎田ぺこら,UC1DCedRgGHBdm81E1llLhOQ,QdygBR3OuU4,2019-10-04T11:44:54Z,43894,1266,46,17
176,Pekora Ch. 兎田ぺこら,UC1DCedRgGHBdm81E1llLhOQ,EfyxlsYn70Q,2019-10-02T13:44:27Z,29930,1020,9,23
177,Pekora Ch. 兎田ぺこら,UC1DCedRgGHBdm81E1llLhOQ,v0-yTLQqO3U,2019-10-02T09:35:45Z,35820,1143,57,9
178,Pekora Ch. 兎田ぺこら,UC1DCedRgGHBdm81E1llLhOQ,sf9WSOZxOco,2019-10-01T16:47:38Z,39378,1237,34,15
179,Pekora Ch. 兎田ぺこら,UC1DCedRgGHBdm81E1llLhOQ,PrJOl0WrdiM,2019-09-30T15:26:59Z,57886,1736,17,27
180,Pekora Ch. 兎田ぺこら,UC1DCedRgGHBdm81E1llLhOQ,RXNDcX98MsM,2019-09-29T14:12:00Z,38351,1325,10,19
181,Pekora Ch. 兎田ぺこら,UC1DCedRgGHBdm81E1llLhOQ,H-sArR1Qeqs,2019-09-29T08:42:09Z,24981,1076,16,18
182,Pekora Ch. 兎田ぺこら,UC1DCedRgGHBdm81E1llLhOQ,l_GqHyqhMnw,2019-09-28T12:51:12Z,83872,1761,27,29
183,Pekora Ch. 兎田ぺこら,UC1DCedRgGHBdm81E1llLhOQ,aFMHLUSVwz8,2019-09-27T11:45:44Z,41330,1508,32,28
184,Pekora Ch. 兎田ぺこら,UC1DCedRgGHBdm81E1llLhOQ,N4yaNnNQjfA,2019-09-25T08:42:46Z,30355,1105,21,21
185,Pekora Ch. 兎田ぺこら,UC1DCedRgGHBdm81E1llLhOQ,G1VmNUDC-p8,2019-09-24T14:49:12Z,46141,2205,18,51
186,Pekora Ch. 兎田ぺこら,UC1DCedRgGHBdm81E1llLhOQ,sHY5DMHhhsc,2019-09-23T09:53:39Z,38308,1205,29,20
187,Pekora Ch. 兎田ぺこら,UC1DCedRgGHBdm81E1llLhOQ,EJ3BVSHoKuA,2019-09-19T13:40:41Z,59884,1800,22,53
188,Pekora Ch. 兎田ぺこら,UC1DCedRgGHBdm81E1llLhOQ,M36crha5flw,2019-09-19T08:46:45Z,25982,942,17,10
189,Pekora Ch. 兎田ぺこら,UC1DCedRgGHBdm81E1llLhOQ,GhPxhl6QvJg,2019-09-17T14:18:50Z,26674,1129,19,15
190,Pekora Ch. 兎田ぺこら,UC1DCedRgGHBdm81E1llLhOQ,lHlQAHYD5VI,2019-09-16T09:29:57Z,45999,1549,38,37
191,Pekora Ch. 兎田ぺこら,UC1DCedRgGHBdm81E1llLhOQ,K3YeRDoYMGY,2019-09-15T15:35:44Z,52512,1953,22,23
192,Pekora Ch. 兎田ぺこら,UC1DCedRgGHBdm81E1llLhOQ,0Iq25Iz_1wg,2019-09-14T09:48:08Z,29795,1097,29,9
193,Pekora Ch. 兎田ぺこら,UC1DCedRgGHBdm81E1llLhOQ,BjEuDnPiS9s,2019-09-11T16:11:49Z,29294,1110,16,13
194,Pekora Ch. 兎田ぺこら,UC1DCedRgGHBdm81E1llLhOQ,Ns8oFxUw8p0,2019-09-11T09:17:11Z,33331,1028,31,16
195,Pekora Ch. 兎田ぺこら,UC1DCedRgGHBdm81E1llLhOQ,XqM5UEODm9A,2019-09-10T13:43:37Z,25313,967,13,19
196,Pekora Ch. 兎田ぺこら,UC1DCedRgGHBdm81E1llLhOQ,kvPYZYFl-7k,2019-09-08T09:44:41Z,49347,1428,42,19
197,Pekora Ch. 兎田ぺこら,UC1DCedRgGHBdm81E1llLhOQ,-4ztelQfvHE,2019-09-07T09:25:17Z,45284,1514,68,17
198,Pekora Ch. 兎田ぺこら,UC1DCedRgGHBdm81E1llLhOQ,2NZvagSm-dc,2019-09-06T06:50:10Z,32733,1047,21,15
199,Pekora Ch. 兎田ぺこら,UC1DCedRgGHBdm81E1llLhOQ,mf1HZ2iPg5c,2019-09-04T13:39:49Z,28615,997,12,12
200,Pekora Ch. 兎田ぺこら,UC1DCedRgGHBdm81E1llLhOQ,01lypCfagaM,2019-09-04T08:49:07Z,21997,1043,18,10
201,Pekora Ch. 兎田ぺこら,UC1DCedRgGHBdm81E1llLhOQ,9TfEckHpBIg,2019-09-03T16:50:07Z,83251,2341,21,55
202,Pekora Ch. 兎田ぺこら,UC1DCedRgGHBdm81E1llLhOQ,K1wOJ2o7fjA,2019-09-01T09:46:48Z,24269,958,14,13
203,Pekora Ch. 兎田ぺこら,UC1DCedRgGHBdm81E1llLhOQ,6ncp6zbEy2g,2019-08-31T08:38:44Z,34842,1275,22,11
204,Pekora Ch. 兎田ぺこら,UC1DCedRgGHBdm81E1llLhOQ,D7swLqsMksA,2019-08-30T19:03:04Z,53199,1714,25,21
205,Pekora Ch. 兎田ぺこら,UC1DCedRgGHBdm81E1llLhOQ,fm3WxmZXsqc,2019-08-29T07:33:52Z,28027,1230,22,10
206,Pekora Ch. 兎田ぺこら,UC1DCedRgGHBdm81E1llLhOQ,fz6l8WI3wNU,2019-08-28T13:36:15Z,25159,1257,9,12
207,Pekora Ch. 兎田ぺこら,UC1DCedRgGHBdm81E1llLhOQ,65u7f6HnYD4,2019-08-27T11:40:55Z,24768,1123,35,9
208,Pekora Ch. 兎田ぺこら,UC1DCedRgGHBdm81E1llLhOQ,XJuMC_qCieM,2019-08-25T17:03:46Z,46093,1199,36,19
209,Pekora Ch. 兎田ぺこら,UC1DCedRgGHBdm81E1llLhOQ,PRqExolmUVY,2019-08-24T09:37:08Z,26294,1160,18,21
210,Pekora Ch. 兎田ぺこら,UC1DCedRgGHBdm81E1llLhOQ,_pn_swagdew,2019-08-23T17:21:47Z,27662,1266,26,11
211,Pekora Ch. 兎田ぺこら,UC1DCedRgGHBdm81E1llLhOQ,l9ccC5oMt3w,2019-08-21T15:47:43Z,21982,1217,5,14
212,Pekora Ch. 兎田ぺこら,UC1DCedRgGHBdm81E1llLhOQ,g1oyJi4vD84,2019-08-20T11:38:15Z,108918,3123,28,36
213,Pekora Ch. 兎田ぺこら,UC1DCedRgGHBdm81E1llLhOQ,KFpo_oXe_JM,2019-08-19T10:31:19Z,31103,1110,19,9
214,Pekora Ch. 兎田ぺこら,UC1DCedRgGHBdm81E1llLhOQ,b-48qyTDldY,2019-08-17T07:38:46Z,32535,1232,7,17
215,Pekora Ch. 兎田ぺこら,UC1DCedRgGHBdm81E1llLhOQ,qV54QJ0EpcI,2019-08-15T07:50:39Z,30761,1227,18,17
216,Pekora Ch. 兎田ぺこら,UC1DCedRgGHBdm81E1llLhOQ,qQMoqdXjRIM,2019-08-14T14:37:28Z,21181,1169,13,18
217,Pekora Ch. 兎田ぺこら,UC1DCedRgGHBdm81E1llLhOQ,lUZUqXtvYV8,2019-08-12T05:39:40Z,39133,1385,21,23
218,Pekora Ch. 兎田ぺこら,UC1DCedRgGHBdm81E1llLhOQ,C3A2xxl5Bt4,2019-08-09T16:37:03Z,26214,1064,9,20
219,Pekora Ch. 兎田ぺこら,UC1DCedRgGHBdm81E1llLhOQ,-iTSb-nPe4M,2019-08-08T11:37:14Z,15506,886,25,15
220,Pekora Ch. 兎田ぺこら,UC1DCedRgGHBdm81E1llLhOQ,dZFseXDw2q0,2019-08-04T13:39:55Z,45612,1774,16,22
221,Pekora Ch. 兎田ぺこら,UC1DCedRgGHBdm81E1llLhOQ,nImYugNB_t4,2019-08-03T16:36:09Z,40946,1306,17,34
222,Pekora Ch. 兎田ぺこら,UC1DCedRgGHBdm81E1llLhOQ,yc6vE1hDXnI,2019-08-02T11:37:09Z,19156,955,23,18
223,Pekora Ch. 兎田ぺこら,UC1DCedRgGHBdm81E1llLhOQ,UD66bMVmV_4,2019-08-01T11:39:37Z,12373,755,14,10
224,Pekora Ch. 兎田ぺこら,UC1DCedRgGHBdm81E1llLhOQ,YE-biQGj2kE,2019-07-30T13:36:51Z,15043,830,15,4
225,Pekora Ch. 兎田ぺこら,UC1DCedRgGHBdm81E1llLhOQ,qaKAxViSa48,2019-07-28T12:39:12Z,18113,1009,33,12
226,Pekora Ch. 兎田ぺこら,UC1DCedRgGHBdm81E1llLhOQ,FQWxLfSyBTw,2019-07-26T11:35:54Z,17818,977,22,16
227,Pekora Ch. 兎田ぺこら,UC1DCedRgGHBdm81E1llLhOQ,cdtK1h1IYTA,2019-07-24T14:37:03Z,17611,949,13,19
228,Pekora Ch. 兎田ぺこら,UC1DCedRgGHBdm81E1llLhOQ,wsc7yZ4KIY8,2019-07-22T17:29:08Z,47724,1867,26,30
229,Pekora Ch. 兎田ぺこら,UC1DCedRgGHBdm81E1llLhOQ,l5vR2EBHxuA,2019-07-21T10:45:00Z,38174,1458,16,16
230,Pekora Ch. 兎田ぺこら,UC1DCedRgGHBdm81E1llLhOQ,BbP6zQak8P8,2019-07-18T10:36:46Z,39183,1781,27,42
231,Pekora Ch. 兎田ぺこら,UC1DCedRgGHBdm81E1llLhOQ,i8gf-tM13ao,2019-07-17T12:36:59Z,230584,7613,128,394
